image_id,author_role,anatomic_locations,sex,age_norm,skin_type,split,encounter_id
11mk4th,patient,eyeregion,M,21.0,IV,train,11mk4th
11k2tzj,patient,nose,,,III,valid,11k2tzj
125gfgg,patient,unidentifiable,,,III,train,125gfgg
ih99w9,patient,face,,,IV,train,ih99w9
11n62qx,patient,face,,,III,train,11n62qx
11sutwk,patient,forearm|hand-back,,,II,test,11sutwk
11f9aib,patient,backofhead|scalp,,,II,test,11f9aib
11ayf7e,patient,shoulder,F,37.0,II,test,11ayf7e
127bte9,patient,knee|lowerleg|thigh,,,II,test,127bte9
vk578x,patient,groin,F,,II,train,vk578x
121olx7,patient,back,,,II,valid,121olx7
zmsedx,patient,hand,,,II,train,zmsedx
123bko0,patient,fingers,,,III,train,123bko0
11m0l9c,patient,face,,,III,train,11m0l9c
11htonk,patient,forearm,,,IV,train,11htonk
11ykmfn,patient,hand-back,M,27.0,II,test,11ykmfn
11urq4h,patient,unidentifiable,,,II,test,11urq4h
11wqp5t,patient,armpit,,,IV,test,11wqp5t
11oqm0j,patient,forehead,F,,II,test,11oqm0j
126azy5,patient,abdomen,,,III,test,126azy5
11m079w,patient,lips,,,III,train,11m079w
11r7ku3,patient,forearm,,,III,valid,11r7ku3
1251tnr,patient,foot-sole,,,III,train,1251tnr
122xd14,patient,scalp,,,III,train,122xd14
11kkilq,patient,ear,,,II,train,11kkilq
xfng5h,patient,face,,,II,test,xfng5h
10d8a67,patient,fingernail,,,II,test,10d8a67
11xqiex,patient,palm,,,II,test,11xqiex
11gwgtv,patient,foot-sole,M,24.0,II,test,11gwgtv
121kpty,patient,toes-interdigital,,,III,test,121kpty
11eift5,patient,knee,,,II,test,11eift5
11pu3aj,patient,foot,,,II,test,11pu3aj
11sctnf,patient,fingers,,,II,test,11sctnf
11j42mk,patient,foot,,,III,test,11j42mk
11idp98,patient,abdomen|chest,,,II,train,11idp98
z8b11d,patient,face,M,,I,train,z8b11d
10t1nag,patient,back,F,,I,train,10t1nag
11zjnov,patient,heel,,,II,train,11zjnov
11pgkp8,patient,fingers,,,II,train,11pgkp8
121yasg,patient,chin,,,II,train,121yasg
11ihen9,patient,toes,,,II,train,11ihen9
11ydlds,patient,thigh,,,II,train,11ydlds
11luysi,patient,fingers,,,III,train,11luysi
xh8ial,patient,face,,,III,train,xh8ial
1236kxw,patient,unidentifiable,,,II,test,1236kxw
11g3sh5,patient,fingers|palm,,,I,test,11g3sh5
11tzj1o,patient,chest|shoulder,M,,II,test,11tzj1o
11yz9sx,patient,face,,,II,test,11yz9sx
11pyur2,patient,toenail,M,15.0,II,test,11pyur2
11pdmeh,patient,nose,,,III,train,11pdmeh
120abe5,patient,armpit,,,III,train,120abe5
11v5s95,patient,face,M,,IV,train,11v5s95
11nt0md,patient,arm,,,III,train,11nt0md
11ih6az,patient,forehead,,,II,train,11ih6az
11oo3mv,patient,toes,M,,III,train,11oo3mv
11x6mai,patient,forearm,,,II,train,11x6mai
11m5en1,patient,nose,,,II,train,11m5en1
nxy2zq,patient,fingers,,,II,train,nxy2zq
11rbig0,patient,toes,,,II,train,11rbig0
11ejw2c,patient,hand-back,M,70.0,II,train,11ejw2c
11b60q2,patient,thigh,,,II,valid,11b60q2
11kj4o4,patient,back,,,II,train,11kj4o4
11h1fvq,patient,lips,,,II,train,11h1fvq
11kbxmx,patient,chest,,,II,train,11kbxmx
123damf,patient,chest|neck,,,III,train,123damf
11g9d4t,patient,palm,M,32.0,III,train,11g9d4t
123nkqb,patient,palm,,,III,train,123nkqb
11e8p16,patient,thigh,,,II,train,11e8p16
1246orr,patient,napeofneck,F,30.0,II,train,1246orr
11l634h,patient,arm,,,II,train,11l634h
11h44rx,patient,lowerleg,,,III,train,11h44rx
11zgkmn,patient,face,M,18.0,III,train,11zgkmn
11jxuv5,patient,forearm,,,II,train,11jxuv5
11ldo54,patient,fingers,,,III,train,11ldo54
11lyc0o,patient,nose,,,II,test,11lyc0o
11mzd5z,patient,toenail,,,II,test,11mzd5z
11okwz2,patient,lowerleg,,,II,test,11okwz2
11rlzpu,patient,lowerleg,,,II,test,11rlzpu
11eqg2f,patient,back,,,II,train,11eqg2f
11v2ecc,patient,unidentifiable,,,II,train,11v2ecc
127afvb,patient,scalp,,,II,train,127afvb
11r53p2,patient,back,,,II,valid,11r53p2
11v4x0x,patient,forearm,,,II,train,11v4x0x
1162b7j,patient,face,,,II,train,1162b7j
1266hp1,patient,thigh,,,II,train,1266hp1
1230249,patient,thigh,M,,II,train,1230249
125ayna,patient,face,,,III,valid,125ayna
1208anx,patient,unidentifiable,,,II,valid,1208anx
wo02wn,patient,armpit,,,II,test,wo02wn
11rm7jz,patient,unidentifiable,,,III,test,11rm7jz
11tp29b,patient,chin,M,,II,test,11tp29b
qzqze0,patient,back|napeofneck,,,II,test,qzqze0
nil9ll,patient,toes-interdigital,,,II,test,nil9ll
125745d,patient,back,,,I,train,125745d
11rljbj,patient,fingernail,,,II,train,11rljbj
12848w3,patient,shoulder,,,II,train,12848w3
124lin7,patient,abdomen,,,II,train,124lin7
11viguw,patient,neck,,,IV,valid,11viguw
126al5y,patient,hand,,,II,train,126al5y
115ogb6,patient,back,,,II,train,115ogb6
x9emsm,patient,thigh,F,40.0,II,train,x9emsm
123um91,patient,chest,,,III,train,123um91
11orme3,patient,scalp,,,II,train,11orme3
11qzg8z,patient,forehead,,,II,train,11qzg8z
125rjud,patient,face,F,,II,train,125rjud
11k1l42,patient,forearm,,,III,train,11k1l42
10u24pd,patient,face|neck,M,,I,test,10u24pd
11jlrh6,patient,lowerleg,,,II,test,11jlrh6
11g45rc,patient,back,F,,III,test,11g45rc
11wiblb,patient,neck,M,,II,test,11wiblb
11wm40u,patient,face,,,III,test,11wm40u
11qvsw7,patient,arm,,,IV,valid,11qvsw7
11gjsy4,patient,back|chest|shoulder,,,III,train,11gjsy4
11ucnrx,patient,fingers,,,III,valid,11ucnrx
11hqjqp,patient,scalp,,28.0,III,train,11hqjqp
11wcl6m,patient,back,,,IV,valid,11wcl6m
11f66nu,patient,fingers,,,II,train,11f66nu
115d5pm,patient,thigh,,,II,train,115d5pm
11udo7q,patient,abdomen,,,II,train,11udo7q
11zvn4m,patient,face|neck,,,II,train,11zvn4m
10ljs1b,patient,back,,,II,train,10ljs1b
11q3s37,patient,forearm,,,II,test,11q3s37
1255vkp,patient,unidentifiable,,,III,train,1255vkp
11vnkwt,patient,fingernail,,,II,test,11vnkwt
11vi63n,patient,eyeregion,,,II,test,11vi63n
11y0bgq,patient,unidentifiable,,,II,test,11y0bgq
11rk8rd,patient,arm,,,III,train,11rk8rd
121pxe0,patient,nose,,,III,train,121pxe0
124a8u3,patient,arm,,,II,train,124a8u3
gqr1w3,patient,chest,M,20.0,III,train,gqr1w3
11vsbt7,patient,abdomen,M,25.0,II,train,11vsbt7
121q1dp,patient,lowerleg,,,II,test,121q1dp
11hpavj,patient,face|neck,M,,III,test,11hpavj
10p56li,patient,napeofneck,,,III,test,10p56li
11fn0wk,patient,eyeregion,,,V,test,11fn0wk
11ke1kz,patient,arm,,,II,valid,11ke1kz
11vlene,patient,fingers|hand-back,,,II,train,11vlene
11pw9du,patient,eyeregion,,,III,train,11pw9du
11lv9ax,patient,fingers,,,III,train,11lv9ax
r6nver,patient,face,,,IV,train,r6nver
11yz945,patient,hand-back,,,III,test,11yz945
11yhbbr,patient,face,M,19.0,II,test,11yhbbr
11lifa8,patient,scalp,,,II,test,11lifa8
126wr5i,patient,arm,F,,II,test,126wr5i
121vwdj,patient,foot-sole,,,II,test,121vwdj
126lr5s,patient,backofhead|napeofneck,M,18.0,II,train,126lr5s
11ywbdo,patient,fingers,,,II,train,11ywbdo
11hmoj4,patient,toenail,,,V,train,11hmoj4
11syih7,patient,abdomen,,,II,train,11syih7
11t9yw6,patient,fingers,,,II,train,11t9yw6
l6oanu,patient,palm,,,III,valid,l6oanu
11gdldk,patient,ear,,,II,train,11gdldk
121pqhs,patient,palm,,,II,train,121pqhs
11oexot,patient,arm,,,II,train,11oexot
11p3t6t,patient,arm,,,III,train,11p3t6t
11gqgnw,patient,forearm,,,II,test,11gqgnw
125d5do,patient,elbow,,,II,test,125d5do
1206zdd,patient,face,M,,II,test,1206zdd
11xr0nn,patient,arm,,,II,test,11xr0nn
rl6joi,patient,arm,M,25.0,II,test,rl6joi
121719d,patient,back,,,II,train,121719d
11xs1yk,patient,toes-interdigital,,,II,train,11xs1yk
11l2lpp,patient,scalp,,,II,train,11l2lpp
11u3657,patient,elbow,,,II,train,11u3657
11kgolw,patient,thigh,F,25.0,II,train,11kgolw
123xdrr,patient,back,M,27.0,III,train,123xdrr
120za8m,patient,chin,M,,II,train,120za8m
11wozho,patient,toenail,,,II,train,11wozho
11hkjwl,patient,scalp,,,II,valid,11hkjwl
zem705,patient,back,,,II,train,zem705
11ph947,patient,back,F,,II,test,11ph947
11mk3bx,patient,abdomen,M,24.0,II,test,11mk3bx
12477ug,patient,face,M,25.0,II,test,12477ug
iwqx1p,patient,fingernail,,,II,test,iwqx1p
11r6gnz,patient,unidentifiable,F,19.0,III,test,11r6gnz
11lfrj8,patient,palm,,,II,train,11lfrj8
11u1n4p,patient,fingers,,,III,train,11u1n4p
11mgn2f,patient,chest,M,,II,train,11mgn2f
11jey35,patient,palm,,,II,train,11jey35
o4dfho,patient,toes-interdigital,,,II,train,o4dfho
11qij8h,patient,neck,F,30.0,III,train,11qij8h
11n5y4z,patient,face,F,28.0,II,train,11n5y4z
11g2mcn,patient,fingers,,,III,valid,11g2mcn
10z03ls,patient,scalp,,,III,train,10z03ls
1226lzd,patient,back,,,II,train,1226lzd
xnd03l,patient,armpit,M,,II,train,xnd03l
11o42j5,patient,chest,,,II,train,11o42j5
11k4qp7,patient,neck,,,IV,train,11k4qp7
1281whp,patient,chin,,,II,train,1281whp
116og99,patient,chest,,,III,test,116og99
u4idf2,patient,unidentifiable,,,II,test,u4idf2
1228q0o,patient,eyeregion,,,II,test,1228q0o
xb0nr2,patient,scalp,,,II,test,xb0nr2
11qrf5p,patient,lips,,,II,test,11qrf5p
z22glp,patient,lowerleg,,,II,train,z22glp
120ybza,patient,neck,,,III,train,120ybza
11j7e82,patient,back,,,IV,train,11j7e82
1227i7t,patient,fingers|palm,,,II,valid,1227i7t
11mcw8t,patient,face,,,II,test,11mcw8t
11teo5z,patient,forearm,,,I,test,11teo5z
11hvit8,patient,chest,F,,I,test,11hvit8
11e7xot,patient,elbow,,,I,test,11e7xot
122aief,patient,neck,,,III,test,122aief
124sycc,patient,lowerleg,M,23.0,III,train,124sycc
11s86eg,patient,scalp,,,II,valid,11s86eg
11l8369,patient,thigh,,,II,valid,11l8369
123aa44,patient,neck,,,IV,train,123aa44
11d74xd,patient,neck,,,II,train,11d74xd
1203l30,patient,hand-back,,,II,train,1203l30
11g8pb8,patient,lowerleg,F,24.0,II,train,11g8pb8
11piwgt,patient,scalp,,,II,train,11piwgt
11233ef,patient,lips,,,II,train,11233ef
11maszn,patient,lowerleg,,,II,valid,11maszn
121bwmr,patient,chest|neck,,,II,train,121bwmr
123rlme,patient,hand,,,II,train,123rlme
11knbvy,patient,face,,,II,train,11knbvy
11j7pzl,patient,forearm,F,,II,train,11j7pzl
11eo551,patient,neck,,,II,train,11eo551
11m524t,patient,scalp,,,III,train,11m524t
hkxd6e,patient,arm,,,III,train,hkxd6e
124zivv,patient,fingernail,,,II,train,124zivv
zm5qp1,patient,lips,,,II,train,zm5qp1
11vmuqb,patient,hand,,,III,train,11vmuqb
11orpcc,patient,fingernail,,,III,test,11orpcc
11je3z9,patient,unidentifiable,,,III,test,11je3z9
11xe7kd,patient,lowerleg,,,III,test,11xe7kd
11hfupz,patient,lowerleg,,,III,test,11hfupz
11uerm9,patient,toes,,,III,test,11uerm9
11jwq60,patient,chin|lips,,,II,test,11jwq60
11prwnu,patient,foot,,,III,test,11prwnu
122by2b,patient,scalp,,,II,test,122by2b
11g8dgq,patient,thigh,F,20.0,V,test,11g8dgq
11ph8rr,patient,nose,,,II,test,11ph8rr
xwszsm,patient,hand,,,IV,train,xwszsm
11rnqkb,patient,arm,,,II,valid,11rnqkb
126oxq9,patient,chin|lips,,,II,train,126oxq9
11ie3p4,patient,scalp,,,II,train,11ie3p4
11skwh7,patient,toes-interdigital,,,II,train,11skwh7
123gaoe,patient,arm,,,II,train,123gaoe
11vhyoy,patient,fingers,,,II,train,11vhyoy
11jj25a,patient,unidentifiable,F,30.0,II,train,11jj25a
11l9za4,patient,scalp,,,III,train,11l9za4
1222mry,patient,unidentifiable,,,II,train,1222mry
11fvmz1,patient,tongue,,,II,train,11fvmz1
11q1bgc,patient,face,,,III,train,11q1bgc
126jo8y,patient,scalp,,,III,train,126jo8y
11vzpyw,patient,lips|mouth,,,III,train,11vzpyw
124wkox,patient,forearm,,,III,train,124wkox
11nzd94,patient,unidentifiable,,,III,train,11nzd94
11uaz5j,patient,fingernail,,,II,train,11uaz5j
11mxu71,patient,elbow,,,III,valid,11mxu71
11h8ydi,patient,forearm,,,III,valid,11h8ydi
11qyba3,patient,abdomen,,,II,test,11qyba3
11x2q0q,patient,face,,1.0,II,test,11x2q0q
11rxhph,patient,lowerleg,,,III,test,11rxhph
120ky3a,patient,toes-interdigital,,,II,test,120ky3a
11moomx,patient,face,F,24.0,III,train,11moomx
11uf8md,patient,chest,,,II,valid,11uf8md
gxs8me,patient,scalp,,,II,train,gxs8me
11tuimv,patient,fingernail,,,II,valid,11tuimv
120noh0,patient,forehead,,,III,valid,120noh0
11po7yz,patient,chin,,,II,train,11po7yz
11t12qh,patient,napeofneck,,,III,train,11t12qh
11nly82,patient,eyeregion,,,III,train,11nly82
11tvf7t,patient,armpit,,,III,train,11tvf7t
11m0ydm,patient,toes-interdigital,F,23.0,II,train,11m0ydm
11ez9fd,patient,face,,,II,train,11ez9fd
11he59c,patient,back,M,,II,train,11he59c
zs82wn,patient,back|chest|scalp,,,II,train,zs82wn
11y696m,patient,foot,,,II,train,11y696m
127tn48,patient,face,,,II,train,127tn48
1225chf,patient,fingernail,,,II,train,1225chf
11zzpy8,patient,hand,,,II,train,11zzpy8
11psqch,patient,abdomen,M,,III,train,11psqch
11kfi6v,patient,forearm,,,III,train,11kfi6v
10i4z2b,patient,lips,,,II,train,10i4z2b
11kcdqq,patient,ear|face|neck,,,II,train,11kcdqq
127c0ze,patient,lowerleg|thigh,,,II,train,127c0ze
1249e2a,patient,unidentifiable,,,II,train,1249e2a
11k2jwb,patient,forehead,,,II,train,11k2jwb
11kavj4,patient,chest,,,II,train,11kavj4
11mmstq,patient,lowerleg,,,II,test,11mmstq
11ezqjf,patient,forehead,,,II,test,11ezqjf
11yvv7d,patient,fingers,,,II,test,11yvv7d
123010r,patient,unidentifiable,,,II,test,123010r
11gq89c,patient,fingers,,,II,train,11gq89c
11myeut,patient,chest|shoulder,,,II,train,11myeut
11gu2bd,patient,fingers,,,II,train,11gu2bd
12495af,patient,backofhead,,,III,train,12495af
yuai3o,patient,face,,,III,train,yuai3o
124ck6r,patient,abdomen,,,III,train,124ck6r
1283khx,patient,unidentifiable,,,II,train,1283khx
11viie3,patient,unidentifiable,,,III,train,11viie3
121gfdb,patient,lowerleg,,,II,train,121gfdb
122a5sx,patient,face,M,19.0,III,train,122a5sx
g3e65p,patient,abdomen,F,21.0,II,train,g3e65p
12776wa,patient,toes,,,II,train,12776wa
11pxemw,patient,face,,,II,train,11pxemw
11o991a,patient,chest,,,III,train,11o991a
11xg3bw,patient,chin,,,IV,train,11xg3bw
11yd3nq,patient,ear|neck,F,23.0,IV,train,11yd3nq
104l6j9,patient,fingers,,,II,train,104l6j9
11f2q6s,patient,scalp,,,II,train,11f2q6s
11h3lc5,patient,fingernail,,,II,train,11h3lc5
10e950l,patient,forearm,,,II,train,10e950l
123eujc,patient,lowerleg,,,II,test,123eujc
121777v,patient,unidentifiable,,,I,test,121777v
znbhzj,patient,nose,,,II,test,znbhzj
1248w9o,patient,back,,,II,test,1248w9o
11tjsat,patient,back,,,II,test,11tjsat
11i296a,patient,lowerback,,,II,train,11i296a
11oe70x,patient,toes,,,II,train,11oe70x
11q2v3y,patient,abdomen,,,II,valid,11q2v3y
124jyor,patient,elbow,,,III,train,124jyor
11gidq4,patient,abdomen|chest,M,22.0,II,train,11gidq4
11j3llh,patient,backofhead,M,,II,train,11j3llh
12814gl,patient,hand-back,F,,I,train,12814gl
11otqbh,patient,unidentifiable,F,,III,train,11otqbh
123c02o,patient,unidentifiable,,,III,train,123c02o
126zd0j,patient,unidentifiable,M,,II,train,126zd0j
11k8tv2,patient,face,F,,III,train,11k8tv2
1270lvd,patient,elbow,,,I,train,1270lvd
11rpvbf,patient,thigh,F,21.0,I,train,11rpvbf
11ysl6s,patient,ear,F,,II,valid,11ysl6s
11w5bmt,patient,forearm,M,,III,train,11w5bmt
xhilw4,patient,toenail,,,III,train,xhilw4
11u687n,patient,abdomen,M,,III,train,11u687n
11z5xpa,patient,foot-sole,,,II,train,11z5xpa
11fv382,patient,face,F,,II,train,11fv382
122cdz7,patient,neck,F,,I,train,122cdz7
11wvv7y,patient,scalp,,,II,train,11wvv7y
1255f00,patient,palm,,,II,train,1255f00
11nv9hl,patient,unidentifiable,,,IV,train,11nv9hl
k0irgx,patient,back|lowerback,M,14.0,I,train,k0irgx
11zxx8d,patient,hand-back,F,,I,train,11zxx8d
125g077,patient,fingernail,,,I,train,125g077
11qop8i,patient,hand-back,M,,II,train,11qop8i
11vgyp5,patient,scalp,F,,II,train,11vgyp5
11zweux,patient,unidentifiable,,,II,train,11zweux
122c42d,patient,scalp,,,II,train,122c42d
118zkgw,patient,thigh,,,II,train,118zkgw
125dkn0,patient,lowerback,F,,II,train,125dkn0
1244l31,patient,chest|neck,F,23.0,II,train,1244l31
11lk4rb,patient,face,F,,I,train,11lk4rb
11f2wms,patient,neck,F,,I,train,11f2wms
108am5i,patient,face,M,0.5,I,train,108am5i
11ak1zg,patient,foot-sole,M,,III,train,11ak1zg
ypv0f2,patient,back,M,,II,train,ypv0f2
11xifko,patient,palm,,,I,valid,11xifko
11mm9fw,patient,neck,F,,II,train,11mm9fw
11h8w9c,patient,arm,,66.0,III,train,11h8w9c
11unx8l,patient,napeofneck,F,,II,train,11unx8l
fqbnn9,patient,scalp,,,II,valid,fqbnn9
vpuwtx,patient,lowerleg,F,45.0,III,train,vpuwtx
11t9sqx,patient,foot,,,II,train,11t9sqx
11r2u1d,patient,unidentifiable,M,,II,train,11r2u1d
xc9lt8,patient,eyeregion,F,,II,train,xc9lt8
10zm8v2,patient,back,F,,III,train,10zm8v2
123yl8i,patient,scalp,M,,I,train,123yl8i
1231vqb,patient,abdomen,F,,II,train,1231vqb
wqpdzo,patient,fingernail,F,,I,train,wqpdzo
11layyl,patient,hand-back,F,,I,train,11layyl
11aqepr,patient,palm,,,II,train,11aqepr
11xsnck,patient,lowerleg,F,,III,train,11xsnck
122utqq,patient,unidentifiable,,,II,train,122utqq
11ywi97,patient,face,F,,II,train,11ywi97
126qqld,patient,face,M,,II,train,126qqld
11g5ucp,patient,foot-sole,,,III,train,11g5ucp
11oqi7g,patient,chin,,,I,train,11oqi7g
11wsghy,patient,armpit|groin,,,II,train,11wsghy
122xvv0,patient,forearm,M,,II,train,122xvv0
11pxgf2,patient,backofhead,M,,I,valid,11pxgf2
1249o6g,patient,lips,M,,III,train,1249o6g
124va3t,patient,lowerleg,F,,IV,valid,124va3t
11v4rs9,patient,lips,M,,IV,train,11v4rs9
11szgcs,patient,back,F,39.0,II,train,11szgcs
125rgon,patient,armpit,,,III,train,125rgon
11nr7q9,patient,unidentifiable,,,II,valid,11nr7q9
11fvcvb,patient,nose,F,,II,train,11fvcvb
11qexm1,patient,back,F,,III,train,11qexm1
1261kw9,patient,unidentifiable,F,,II,train,1261kw9
123n04s,patient,hand-back,F,,III,train,123n04s
11yycxt,patient,arm,,,II,train,11yycxt
11wqih9,patient,forehead,M,,III,train,11wqih9
11qbugr,patient,toenail,,,III,train,11qbugr
11xwyxt,patient,heel,F,,I,train,11xwyxt
11nt5as,patient,unidentifiable,M,,II,valid,11nt5as
11ruw54,patient,chin,M,,I,train,11ruw54
117kiax,patient,face,F,,II,valid,117kiax
11f5pbq,patient,thigh,M,,II,train,11f5pbq
1276gm6,patient,forearm,M,,II,train,1276gm6
11hrhsn,patient,foot|lowerleg,F,,II,train,11hrhsn
11xg3ib,patient,toes-interdigital,,,II,train,11xg3ib
11fzrj4,patient,unidentifiable,F,,II,train,11fzrj4
11fljh3,patient,napeofneck,M,,II,valid,11fljh3
113tsgv,patient,hand-back,F,,II,train,113tsgv
rk5geb,patient,toes,,,II,train,rk5geb
11vqg9i,patient,toenail,,,III,train,11vqg9i
11ah6gv,patient,palm,,,III,train,11ah6gv
121u099,patient,forearm,F,,III,train,121u099
1206ng1,patient,unidentifiable,F,,III,train,1206ng1
11c2vj5,patient,fingers,F,,II,valid,11c2vj5
1262c8t,patient,forearm,F,,II,train,1262c8t
10cx1if,patient,face,F,,II,train,10cx1if
12656ip,patient,forearm,F,,I,valid,12656ip
11stt07,patient,face,F,35.0,I,train,11stt07
124vcjs,patient,lips,M,,II,train,124vcjs
120xwop,patient,face,,,III,train,120xwop
11k5sbn,patient,face,F,,III,train,11k5sbn
11fzi9f,patient,unidentifiable,M,26.0,II,train,11fzi9f
11tpn0n,patient,eyeregion,F,,III,train,11tpn0n
11lm7d2,patient,abdomen,,,IV,train,11lm7d2
11nf6xa,patient,knee,F,,II,valid,11nf6xa
122byja,patient,toes,F,,II,valid,122byja
11tha1z,patient,eyeregion,M,26.0,V,train,11tha1z
11l8yqa,patient,lowerleg,M,,III,train,11l8yqa
11tb3sz,patient,arm,M,,II,train,11tb3sz
mmtb0d,patient,toes,,,III,train,mmtb0d
11ffqym,patient,foot-sole,M,,II,train,11ffqym
123bgcm,patient,scalp,M,,II,train,123bgcm
102j8f6,patient,toenail,M,24.0,II,train,102j8f6
120inbg,patient,face,F,,II,train,120inbg
11n2r14,patient,abdomen,F,,II,train,11n2r14
11o1b5t,patient,backofhead,M,,IV,train,11o1b5t
11nibdd,patient,fingers,,,III,valid,11nibdd
11g6dmx,patient,nose,M,,II,valid,11g6dmx
11iok0k,patient,thigh,,,III,train,11iok0k
11vshs3,patient,chin,M,,III,train,11vshs3
11zy1be,patient,back,F,,II,train,11zy1be
11qu5wo,patient,unidentifiable,,,II,train,11qu5wo
11p7eg5,patient,unidentifiable,F,,II,train,11p7eg5
11l82t9,patient,unidentifiable,,,III,train,11l82t9
10tkogh,patient,unidentifiable,,,II,train,10tkogh
11lggx0,patient,lowerleg,M,,II,valid,11lggx0
11q4shr,patient,hand-back,,,III,valid,11q4shr
11t8aat,patient,lowerleg,M,,II,train,11t8aat
11sda8d,patient,abdomen,F,,III,train,11sda8d
zrciqg,patient,lowerleg,M,,II,train,zrciqg
120d3wg,patient,lips,F,,IV,valid,120d3wg
1208o9o,patient,neck,,,III,train,1208o9o
11pprbi,patient,palm,,,III,train,11pprbi
120yk50,patient,lips,F,,I,train,120yk50
11xu5qf,patient,thigh,M,,II,train,11xu5qf
11vztbn,patient,forearm,F,,II,train,11vztbn
125z8uf,patient,forehead,M,,III,train,125z8uf
11jiy1l,patient,back,M,,IV,train,11jiy1l
1247jmw,patient,face,M,,II,train,1247jmw
11hm95n,patient,face,F,,I,train,11hm95n
11rd68e,patient,face,M,18.0,II,train,11rd68e
11q0lmi,patient,groin,M,,III,train,11q0lmi
11jnh7e,patient,lowerback,,,III,valid,11jnh7e
11qvwf7,patient,scalp,F,26.0,III,valid,11qvwf7
11xco4w,patient,lips,F,,I,train,11xco4w
121dqgq,patient,hand-back,F,,III,train,121dqgq
11twmux,patient,back|chest,M,,I,valid,11twmux
11sv2q7,patient,abdomen,F,,II,train,11sv2q7
11xy898,patient,hand-back,,,II,train,11xy898
1274ox7,patient,lowerleg,M,,II,train,1274ox7
11vxg9l,patient,neck,F,,II,train,11vxg9l
11otjqa,patient,unidentifiable,F,3.0,III,train,11otjqa
11pyrq6,patient,toenail,M,15.0,III,train,11pyrq6
11qxurl,patient,nose,M,25.0,II,valid,11qxurl
11w4q7s,patient,arm,F,,II,train,11w4q7s
10lqg0f,patient,foot-sole,F,,III,train,10lqg0f
11txkok,patient,neck,,,III,train,11txkok
1203pe5,patient,neck,M,,II,train,1203pe5
11zojtu,patient,lowerleg,,,I,train,11zojtu
11j6l9b,patient,forearm,F,,I,train,11j6l9b
vc59oh,patient,abdomen,,,I,train,vc59oh
tuyo2m,patient,armpit,,,III,train,tuyo2m
11fyt7o,patient,toenail,,,II,train,11fyt7o
11f4mm5,patient,hand-back,,,II,train,11f4mm5
xgbqnv,patient,unidentifiable,M,,II,train,xgbqnv
11jnyx6,patient,unidentifiable,,,IV,train,11jnyx6
122hf4s,patient,back,F,,II,train,122hf4s
11r5uer,patient,hand-back,F,,I,train,11r5uer
124xnf1,patient,arm,,,II,train,124xnf1
11mqtyc,patient,palm,,,II,train,11mqtyc
11z5ys1,patient,scalp,,,II,train,11z5ys1
11xjf2r,patient,neck,F,,II,train,11xjf2r
11pg7qz,patient,fingernail,,,II,valid,11pg7qz
120oede,patient,nose,F,,II,train,120oede
11lvr5f,patient,shoulder,,,I,train,11lvr5f
121tsxk,patient,thigh,F,,I,train,121tsxk
11v2egh,patient,groin,M,,III,train,11v2egh
11nbyif,patient,unidentifiable,,,III,train,11nbyif
11tdh8d,patient,lowerleg,F,,IV,train,11tdh8d
xq7o0p,patient,foot-sole,,,II,train,xq7o0p
11ivi7p,patient,arm|forearm,F,,I,train,11ivi7p
11rr5qw,patient,chin,F,,II,valid,11rr5qw
